{
  "properties": {
    "connectionReferences": {},
    "definition": {
      "$schema": "https://schema.management.azure.com/providers/Microsoft.Logic/schemas/2016-06-01/workflowdefinition.json#",
      "contentVersion": "1.0.0.0",
      "parameters": {
        "$authentication": {
          "defaultValue": {},
          "type": "SecureObject"
        }
      },
      "triggers": {
        "manual": {
          "metadata": {
            "operationMetadataId": "477280da-a6da-4daa-ad2c-398c7d2e9afd"
          },
          "type": "Request",
          "kind": "PowerApp",
          "inputs": {
            "schema": {
              "type": "object",
              "properties": {
                "Initializevariable_Value": {
                  "type": "string",
                  "description": "Enter initial value",
                  "x-ms-powerflows-param-ispartial": false
                }
              },
              "required": [
                "Initializevariable_Value"
              ]
            }
          }
        }
      },
      "actions": {
        "Initialize_variable": {
          "runAfter": {},
          "metadata": {
            "operationMetadataId": "d710801a-98be-4ba8-b957-035636b5ddc2"
          },
          "type": "InitializeVariable",
          "inputs": {
            "variables": [
              {
                "name": "qry",
                "type": "string",
                "value": "@triggerBody()['Initializevariable_Value']"
              }
            ]
          }
        },
        "Respond_to_a_PowerApp_or_flow": {
          "runAfter": {
            "HTTP": [
              "Succeeded"
            ]
          },
          "metadata": {
            "operationMetadataId": "b37cae0b-365c-4b0b-a84b-d1b4ba9780ba"
          },
          "type": "Response",
          "kind": "PowerApp",
          "inputs": {
            "statusCode": 200,
            "body": {},
            "schema": {
              "type": "object",
              "properties": {
                "fsdg": {
                  "title": "fsdg",
                  "x-ms-dynamically-added": true,
                  "type": "string"
                }
              }
            }
          }
        },
        "HTTP": {
          "runAfter": {
            "Initialize_variable": [
              "Succeeded"
            ]
          },
          "metadata": {
            "operationMetadataId": "a83339e8-7a88-4dd7-b45a-47d14e16d560"
          },
          "type": "Http",
          "inputs": {
            "method": "POST",
            "uri": "https://www.google.com/webhp?authuser=2"
          }
        }
      }
    },
    "templateName": ""
  },
  "schemaVersion": "1.0.0.0"
}